fips_code,white_percent,white,black,latino
1001,100,71,24,2
1003,99,79,14,5
1005,0,31,62,5
1007,100,75,22,1
1009,100,84,2,13
1011,0,1,92,8
1013,22,38,60,1
1015,99,68,26,3
1017,94,42,55,1
1019,100,83,5,1
1021,100,76,12,9
1023,36,33,65,1
1025,30,40,58,1
1027,100,75,20,4
1029,100,92,5,2
1031,92,68,21,7
1033,99,75,20,2
1035,0,16,84,0
1037,100,53,43,1
1039,100,79,18,1
1041,100,62,34,2
1043,100,92,1,5
1045,74,63,30,4
1047,37,12,87,0
1049,88,63,2,25
1051,100,69,26,2
1053,88,53,41,1
1055,91,74,20,5
1057,100,84,15,0
1059,100,75,4,20
1061,100,80,14,5
1063,0,0,99,0
1065,92,29,70,1
1067,80,59,37,3
1069,81,56,39,3
1071,100,86,5,4
1073,84,42,51,4
1075,100,82,16,2
1077,98,82,14,3
1079,97,72,13,2
1081,89,60,32,3
1083,96,76,13,8
1085,0,1,99,0
1087,0,1,98,0
1089,93,59,29,4
1091,47,37,60,2
1093,100,93,4,2
1095,99,79,2,17
1097,81,45,49,2
1099,80,45,52,0
1101,32,14,78,4
1103,91,70,17,11
1105,0,1,99,0
1107,72,39,59,1
1109,47,41,54,2
1111,100,71,26,3
1113,57,38,55,4
1115,100,86,10,2
1117,100,73,15,8
1119,0,1,99,0
1121,80,57,40,2
1123,94,61,35,2
1125,85,51,44,3
1127,99,88,9,2
1129,97,60,29,1
1131,0,0,100,0
1133,100,95,1,2
2013,20,12,0,3
2016,0,24,1,12
2020,64,46,6,11
2050,0,4,0,0
2060,0,31,0,3
2068,100,90,0,2
2070,0,6,0,0
2090,90,62,6,8
2100,100,78,0,2
2105,68,29,1,1
2110,81,54,1,5
2122,100,76,1,4
2130,64,51,1,3
2150,21,39,0,9
2164,0,10,2,0
2170,100,74,2,3
2180,0,5,0,0
2185,0,4,0,1
2188,0,3,0,0
2195,98,51,1,4
2198,88,35,0,2
2220,68,42,1,3
2230,100,85,0,1
2240,99,73,2,4
2261,95,60,0,3
2270,0,1,0,0
2275,72,57,1,3
2282,0,17,0,4
2290,4,12,0,1
4001,97,15,0,5
4003,68,39,5,51
4005,63,42,1,18
4007,68,47,0,24
4009,63,54,1,36
4011,41,37,1,59
4012,23,24,1,48
4013,77,44,7,42
4015,93,69,1,24
4017,87,39,1,12
4019,66,36,4,52
4021,65,45,6,40
4023,25,4,0,95
4025,98,69,1,24
4027,7,16,2,80
5001,76,62,32,3
5003,100,61,30,8
5005,100,93,0,3
5007,95,66,2,24
5009,100,95,0,2
5011,30,49,29,22
5013,100,68,28,4
5015,100,71,0,27
5017,0,11,79,9
5019,100,57,31,9
5021,100,97,0,2
5023,100,95,0,3
5025,100,80,16,2
5027,31,49,47,3
5029,100,76,14,5
5031,88,70,21,6
5033,98,81,2,10
5035,63,31,66,2
5037,100,70,27,1
5039,26,47,49,4
5041,60,37,56,5
5043,100,65,30,4
5045,97,78,15,5
5047,100,93,1,3
5049,100,94,1,2
5051,88,73,13,9
5053,100,94,2,3
5055,100,94,1,4
5057,59,41,36,21
5059,100,80,13,4
5061,74,57,23,17
5063,100,85,3,9
5065,100,96,1,2
5067,100,69,26,4
5069,68,27,70,1
5071,100,76,2,19
5073,46,44,53,2
5075,100,97,0,1
5077,0,6,91,2
5079,100,69,22,7
5081,100,66,27,3
5083,100,91,1,3
5085,100,86,7,4
5087,100,90,0,7
5089,100,96,0,2
5091,66,61,33,3
5093,80,49,45,5
5095,0,38,55,3
5097,100,88,1,8
5099,100,57,37,5
5101,100,96,0,0
5103,52,43,52,2
5105,100,93,3,2
5107,74,18,80,1
5109,100,84,2,10
5111,100,84,11,4
5113,100,86,1,9
5115,98,81,4,11
5117,100,79,20,1
5119,48,33,56,8
5121,100,94,1,2
5123,49,25,73,1
5125,100,84,7,6
5127,100,82,1,10
5129,100,96,0,2
5131,88,58,8,21
5133,49,44,4,50
5135,100,96,1,2
5137,100,96,1,2
5139,56,53,41,4
5141,100,94,1,3
5143,79,59,4,27
5145,100,86,5,6
5147,75,61,34,1
5149,86,65,1,29
6001,40,22,13,32
6003,100,52,0,11
6005,100,72,0,17
6007,83,60,3,22
6009,100,78,1,14
6011,1,23,1,72
6013,66,37,10,32
6015,90,58,1,18
6017,97,71,1,18
6019,35,20,6,61
6021,25,39,1,54
6023,95,63,1,14
6025,5,7,1,90
6027,44,43,0,34
6029,60,26,6,62
6031,23,25,5,64
6033,86,58,2,29
6035,100,75,1,13
6037,41,14,8,65
6039,56,24,2,70
6041,88,60,3,25
6043,100,72,1,13
6045,67,49,1,38
6047,13,19,3,68
6049,100,70,1,19
6051,55,15,0,49
6053,41,16,2,75
6055,30,32,2,53
6057,98,80,1,13
6059,62,30,2,48
6061,98,68,2,17
6063,100,77,2,15
6065,20,25,7,60
6067,54,35,13,28
6069,5,21,1,67
6071,26,21,9,62
6073,56,32,6,46
6075,6,12,10,24
6077,20,23,9,48
6079,77,57,1,35
6081,46,30,3,38
6083,36,26,1,65
6085,28,23,2,38
6087,83,40,1,52
6089,99,73,2,13
6091,100,79,1,14
6093,93,65,1,19
6095,37,29,16,33
6097,79,48,2,41
6099,27,32,3,55
6101,42,41,2,36
6103,78,58,1,36
6105,100,73,1,9
6107,9,20,2,72
6109,97,64,1,13
6111,71,37,3,50
6113,40,38,3,45
6115,61,46,4,33
8001,62,42,3,49
8003,23,37,0,59
8005,80,48,12,29
8007,100,71,1,25
8009,100,77,1,18
8011,78,59,1,39
8013,93,66,1,24
8014,98,73,1,17
8015,100,83,0,13
8017,100,81,0,19
8019,100,82,1,11
8021,39,43,0,55
8023,0,14,0,83
8025,100,66,0,24
8027,100,90,1,4
8029,100,73,0,24
8031,44,21,14,58
8033,100,85,0,6
8035,99,77,2,13
8037,47,47,0,50
8039,100,86,1,10
8041,88,61,7,22
8043,100,83,1,12
8045,83,52,0,44
8047,100,82,1,11
8049,100,84,1,13
8051,100,81,0,16
8053,100,89,0,8
8055,52,39,1,56
8057,100,74,0,23
8059,95,68,1,23
8061,100,84,2,12
8063,83,66,1,31
8065,0,30,0,66
8067,95,72,1,17
8069,98,75,1,18
8071,58,43,1,52
8073,100,85,3,9
8075,100,74,1,21
8077,100,73,1,21
8079,100,80,0,17
8081,100,75,0,21
8083,95,62,1,16
8085,89,60,0,36
8087,32,43,2,52
8089,51,44,1,53
8091,100,86,0,9
8093,100,85,1,10
8095,100,69,0,29
8097,80,71,1,25
8099,29,45,1,52
8101,49,40,2,55
8103,100,84,0,14
8105,49,40,0,57
8107,100,87,0,9
8109,90,33,0,64
8111,100,75,0,25
8113,100,82,0,15
8115,100,75,1,22
8117,85,65,1,30
8119,100,87,1,8
8121,100,87,0,11
8123,76,55,1,41
8125,76,62,0,36
9001,81,59,13,21
9003,86,54,16,22
9005,100,87,2,7
9007,99,81,7,7
9009,79,54,17,23
9011,91,69,8,13
9013,100,86,4,5
9015,93,77,3,16
10001,83,55,33,7
10003,59,44,35,15
10005,81,57,21,16
11001,37,8,76,14
12001,63,48,34,8
12003,100,83,12,2
12005,95,74,14,5
12007,100,70,24,3
12009,87,64,14,13
12011,28,26,38,29
12013,100,76,12,6
12015,100,74,9,12
12017,100,83,4,7
12019,89,70,13,10
12021,67,40,12,44
12023,100,68,22,5
12027,42,45,12,40
12029,100,85,7,4
12031,48,39,44,8
12033,70,50,34,5
12035,100,64,16,12
12037,100,81,11,4
12039,0,4,76,19
12041,100,89,4,4
12043,0,39,10,33
12045,100,80,14,3
12047,17,44,37,15
12049,0,33,6,58
12051,0,25,15,59
12053,100,72,7,15
12055,48,48,17,30
12057,48,39,21,33
12059,100,91,3,3
12061,94,60,16,20
12063,94,62,30,3
12065,2,24,67,7
12067,100,71,8,18
12069,80,58,15,20
12071,75,48,15,33
12073,78,46,42,5
12075,100,73,14,9
12077,100,81,9,7
12079,33,38,55,4
12081,73,53,14,29
12083,77,56,19,18
12085,92,64,7,24
12086,4,8,24,66
12087,72,53,10,33
12089,100,83,7,5
12091,97,71,12,8
12093,84,53,7,36
12095,31,32,27,34
12097,43,28,12,55
12099,64,36,28,29
12101,98,68,6,20
12103,88,60,18,13
12105,58,47,21,27
12107,83,56,25,15
12109,100,81,7,6
12111,26,40,29,26
12113,100,80,5,5
12115,94,66,9,18
12117,82,56,14,22
12119,94,69,13,13
12121,100,67,14,15
12123,100,70,24,2
12125,100,78,14,4
12127,86,62,15,18
12129,100,82,10,2
12131,100,79,7,8
12133,100,76,16,3
13001,83,63,22,12
13003,0,46,17,35
13005,100,68,19,9
13007,0,17,74,6
13009,0,28,65,2
13011,95,80,2,14
13013,100,64,13,13
13015,96,74,12,11
13017,0,45,42,10
13019,100,76,12,9
13021,29,21,73,3
13023,99,69,26,2
13025,100,94,3,2
13027,37,38,49,9
13029,100,72,17,6
13031,75,55,35,5
13033,0,30,67,1
13035,100,63,31,3
13037,0,1,96,3
13039,100,63,24,6
13043,64,50,29,17
13045,86,64,21,9
13047,100,90,3,3
13049,100,64,30,1
13051,45,28,58,6
13053,53,53,35,6
13055,100,82,6,7
13057,98,75,7,14
13059,0,19,53,22
13061,0,1,98,0
13063,0,3,71,18
13065,100,58,35,2
13067,72,42,32,18
13069,81,50,30,16
13071,53,47,27,23
13073,89,66,18,7
13075,100,54,34,8
13077,92,66,21,7
13079,100,71,23,1
13081,0,36,57,3
13083,100,96,1,1
13085,100,92,0,5
13087,0,39,51,8
13089,44,13,68,12
13091,100,58,35,4
13093,0,11,72,14
13095,20,9,88,2
13097,41,34,48,12
13099,0,31,65,2
13101,100,57,2,38
13103,100,75,15,4
13105,95,53,35,8
13107,37,49,43,6
13109,0,42,37,19
13111,100,94,0,3
13113,84,56,24,9
13115,86,63,16,15
13117,99,75,3,12
13119,100,80,11,6
13121,70,26,54,11
13123,100,81,0,17
13125,100,91,7,0
13127,81,50,35,9
13129,100,72,3,20
13131,23,43,41,13
13133,39,26,62,9
13135,39,31,29,25
13137,95,71,2,22
13139,66,48,8,41
13141,0,1,98,0
13143,100,91,4,1
13145,100,75,17,4
13147,100,67,24,6
13149,100,84,9,2
13151,56,39,46,8
13153,65,50,36,7
13155,100,63,32,3
13157,100,78,6,10
13159,100,66,25,5
13161,100,65,16,17
13163,0,26,68,3
13165,0,38,56,4
13167,100,52,44,3
13169,100,69,27,1
13171,100,61,34,2
13173,100,66,26,4
13175,95,54,41,2
13177,100,73,19,2
13179,0,30,51,10
13181,100,60,37,0
13183,100,53,26,10
13185,84,46,44,6
13187,100,90,1,6
13189,16,44,50,3
13191,79,53,42,2
13193,0,10,81,6
13195,100,80,9,7
13197,54,50,37,8
13199,0,38,58,1
13201,100,61,35,2
13205,58,40,51,7
13207,100,67,28,3
13209,100,54,32,11
13211,100,64,28,4
13213,100,77,0,20
13215,52,29,58,6
13217,52,38,52,6
13219,100,83,4,6
13221,100,71,18,6
13223,96,67,20,7
13225,50,34,49,13
13227,100,92,1,4
13229,100,83,9,6
13231,100,88,9,1
13233,84,64,14,17
13235,100,51,39,6
13237,0,46,42,9
13239,0,23,75,0
13241,100,83,0,15
13243,0,6,91,1
13245,22,20,73,3
13247,0,22,60,12
13249,100,77,17,3
13251,0,45,52,1
13253,53,51,44,3
13255,63,47,44,5
13257,100,78,12,3
13259,0,7,92,1
13261,0,16,75,7
13263,0,9,91,0
13265,0,10,84,2
13267,74,54,25,19
13269,100,55,42,1
13271,100,54,43,1
13273,0,5,92,1
13275,90,50,44,3
13277,0,45,34,18
13279,41,52,32,13
13281,100,98,0,0
13283,100,56,40,1
13285,63,51,40,4
13287,0,38,55,6
13289,0,31,66,0
13291,100,94,0,3
13293,100,59,34,3
13295,100,89,5,2
13297,94,69,22,5
13299,72,54,36,5
13301,0,6,92,1
13303,0,31,64,1
13305,100,68,22,6
13307,0,44,48,5
13309,100,59,34,6
13311,100,91,1,3
13313,64,44,3,49
13315,100,54,41,3
13317,0,38,51,5
13319,0,37,57,3
13321,100,58,36,2
15001,14,17,1,7
15003,10,13,3,6
15007,10,18,1,5
15009,19,17,1,7
16001,100,83,2,9
16003,100,93,0,5
16005,100,83,1,8
16007,100,95,0,3
16009,89,75,0,5
16011,97,71,0,22
16013,95,62,0,35
16015,100,92,0,5
16017,100,90,0,4
16019,99,80,1,16
16021,100,88,1,6
16023,100,93,0,5
16025,100,89,0,9
16027,87,63,1,33
16029,100,91,0,7
16031,100,66,0,32
16033,55,48,0,51
16035,100,86,2,6
16037,100,91,0,7
16039,100,69,2,23
16041,100,90,0,7
16043,100,79,0,19
16045,100,84,0,12
16047,90,65,0,33
16049,100,91,1,5
16051,100,84,0,13
16053,64,55,0,44
16055,100,91,1,5
16057,100,90,1,4
16059,100,94,1,3
16061,100,81,0,5
16063,91,63,1,33
16065,100,91,1,7
16067,87,54,0,45
16069,99,80,0,4
16071,100,92,1,4
16073,100,62,0,36
16075,100,72,0,25
16077,74,50,0,38
16079,100,92,0,3
16081,100,74,0,25
16083,99,76,1,20
16085,100,92,0,6
16087,100,72,0,27
17001,100,88,7,1
17003,95,43,51,1
17005,100,91,3,1
17007,91,62,2,32
17009,100,97,0,0
17011,98,81,1,14
17013,100,96,0,1
17015,100,91,2,4
17017,84,62,4,32
17019,63,58,24,7
17021,100,95,1,1
17023,100,96,1,1
17025,100,96,1,2
17027,100,91,2,4
17029,100,90,3,2
17031,67,25,31,37
17033,100,95,1,1
17035,100,98,0,0
17037,98,75,6,13
17039,100,93,1,3
17041,100,85,0,11
17043,85,58,7,21
17045,100,96,0,1
17047,100,95,1,2
17049,100,95,1,2
17051,100,97,0,1
17053,100,95,1,3
17055,100,96,1,1
17057,100,96,1,1
17059,100,97,1,2
17061,100,98,0,0
17063,100,81,3,12
17065,100,96,1,1
17067,100,96,0,1
17069,100,94,2,1
17071,100,95,0,2
17073,100,87,3,8
17075,100,84,2,10
17077,89,68,19,5
17079,100,98,0,1
17081,100,82,11,2
17083,100,98,1,1
17085,100,93,1,4
17087,100,96,0,1
17089,85,47,6,40
17091,90,59,21,14
17093,93,64,7,21
17095,99,78,8,7
17097,88,53,7,29
17099,100,80,2,14
17101,100,96,1,1
17103,100,87,2,5
17105,100,90,1,5
17107,100,93,2,1
17109,100,86,5,3
17111,97,76,1,17
17113,94,71,12,7
17115,71,64,25,2
17117,100,96,1,1
17119,99,78,12,5
17121,100,88,5,1
17123,100,93,1,3
17125,100,97,0,1
17127,100,85,7,2
17129,100,96,1,1
17131,100,94,1,3
17133,100,96,0,2
17135,100,95,2,2
17137,100,86,6,2
17139,100,96,0,0
17141,96,80,1,14
17143,80,56,30,5
17145,100,90,3,2
17147,100,96,0,1
17149,100,97,0,1
17151,100,95,1,0
17153,62,48,43,0
17155,100,88,1,7
17157,100,89,6,1
17159,100,96,0,2
17161,81,60,15,19
17163,89,51,40,4
17165,100,88,4,2
17167,85,71,20,2
17169,100,96,1,1
17171,100,98,0,0
17173,100,98,1,0
17175,100,94,0,1
17177,85,71,15,6
17179,100,92,1,2
17181,100,89,1,8
17183,75,70,19,6
17185,100,96,0,1
17187,100,78,2,15
17189,100,96,1,2
17191,100,96,1,1
17193,100,96,0,1
17195,97,77,2,17
17197,81,57,13,21
17199,100,88,5,2
17201,69,54,19,19
17203,100,94,1,2
18001,100,88,1,8
18003,79,61,18,10
18005,100,80,2,9
18007,100,91,1,7
18009,100,96,0,1
18011,100,91,1,3
18013,100,94,0,1
18015,100,91,0,6
18017,96,72,1,22
18019,97,78,9,7
18021,100,96,0,2
18023,100,76,1,21
18025,100,96,0,2
18027,100,88,1,8
18029,100,96,0,1
18031,100,96,0,2
18033,100,93,1,3
18035,99,82,9,2
18037,100,89,0,9
18039,86,63,7,23
18041,100,95,1,1
18043,100,82,7,3
18045,100,93,0,3
18047,100,97,0,1
18049,100,89,0,6
18051,100,93,2,1
18053,98,78,9,4
18055,100,96,0,2
18057,100,82,4,4
18059,100,93,2,2
18061,100,95,1,2
18063,100,83,6,4
18065,100,94,1,2
18067,100,79,9,3
18069,100,94,0,2
18071,100,87,1,7
18073,100,89,1,7
18075,100,94,0,3
18077,100,92,2,3
18079,100,94,0,3
18081,100,89,1,4
18083,100,94,1,2
18085,100,82,1,14
18087,100,89,1,7
18089,83,41,32,22
18091,90,72,13,9
18093,100,95,0,2
18095,99,79,10,5
18097,60,41,37,14
18099,100,81,1,15
18101,100,97,0,1
18103,100,91,1,2
18105,100,81,4,4
18107,100,90,1,6
18109,100,95,1,2
18111,100,89,1,7
18113,97,79,0,18
18115,100,96,0,1
18117,100,95,1,1
18119,100,96,0,1
18121,100,95,0,2
18123,100,96,1,2
18125,100,97,0,1
18127,100,79,5,10
18129,100,92,2,2
18131,100,92,0,4
18133,100,94,1,2
18135,100,92,0,4
18137,100,97,0,1
18139,100,93,1,1
18141,78,59,20,11
18143,100,95,1,2
18145,100,90,1,5
18147,100,92,0,5
18149,100,93,0,5
18151,100,89,0,6
18153,100,96,0,2
18155,100,97,0,1
18157,97,71,7,14
18159,100,94,0,4
18161,100,97,0,0
18163,93,72,14,3
18165,100,95,0,2
18167,100,83,6,3
18169,100,94,0,2
18171,100,97,0,1
18173,100,91,1,2
18175,100,97,0,1
18177,99,83,5,3
18179,100,94,1,3
18181,100,85,0,10
18183,100,93,1,3
19001,100,96,0,1
19003,100,95,0,2
19005,90,85,1,13
19007,100,95,1,2
19009,100,96,0,1
19011,100,95,1,2
19013,91,69,17,7
19015,97,90,3,4
19017,100,96,1,1
19019,100,95,0,2
19021,75,50,3,36
19023,100,96,1,1
19025,100,94,1,3
19027,100,94,1,4
19029,100,94,1,3
19031,100,94,1,2
19033,100,87,3,6
19035,100,90,1,6
19037,100,96,0,3
19039,100,80,0,17
19041,100,90,1,7
19043,100,97,0,1
19045,100,86,4,5
19047,75,55,2,42
19049,95,85,2,8
19051,100,95,0,2
19053,100,93,1,3
19055,100,97,1,1
19057,100,79,10,5
19059,100,93,1,3
19061,99,87,5,3
19063,100,81,1,15
19065,100,93,0,2
19067,100,89,5,4
19069,100,75,1,23
19071,100,94,1,3
19073,100,91,0,5
19075,100,94,1,3
19077,100,94,1,4
19079,100,86,0,8
19081,100,88,1,8
19083,100,90,1,6
19085,100,95,0,3
19087,100,85,3,6
19089,100,94,0,2
19091,100,89,1,8
19093,100,93,1,5
19095,100,93,1,5
19097,100,93,1,2
19099,100,94,1,3
19101,100,91,1,4
19103,96,72,12,8
19105,100,95,1,2
19107,100,97,1,1
19109,100,94,0,3
19111,100,87,3,5
19113,99,82,8,4
19115,85,68,1,29
19117,100,98,0,1
19119,100,95,0,3
19121,100,95,1,2
19123,100,92,1,2
19125,100,94,1,2
19127,76,59,2,32
19129,100,94,1,3
19131,100,97,0,1
19133,100,93,2,3
19135,100,93,1,4
19137,100,92,0,6
19139,90,67,3,27
19141,100,89,1,8
19143,100,87,1,10
19145,96,87,5,4
19147,100,95,0,3
19149,100,90,1,6
19151,100,92,2,4
19153,87,68,9,13
19155,100,85,2,10
19157,100,91,1,4
19159,100,97,1,1
19161,100,93,1,4
19163,94,70,12,10
19165,100,95,1,2
19167,100,77,1,20
19169,100,84,4,5
19171,100,76,1,16
19173,100,85,0,14
19175,100,92,1,4
19177,100,96,1,2
19179,97,77,2,17
19181,100,92,1,3
19183,100,86,2,10
19185,100,96,1,2
19187,100,83,6,6
19189,100,91,1,5
19191,100,95,0,3
19193,88,65,4,23
19195,100,94,2,2
19197,100,80,1,17
20001,100,90,2,4
20003,100,94,1,3
20005,100,81,9,4
20007,100,93,1,4
20009,99,71,1,24
20011,100,89,4,3
20013,100,76,2,5
20015,100,87,1,6
20017,100,93,0,3
20019,100,82,3,6
20021,100,83,1,3
20023,100,86,0,12
20025,100,79,1,15
20027,100,92,1,3
20029,100,92,1,5
20031,100,93,0,3
20033,100,92,1,6
20035,99,70,3,16
20037,100,83,2,8
20039,100,90,1,5
20041,100,92,1,3
20043,100,91,3,3
20045,99,75,6,7
20047,100,63,1,32
20049,100,89,1,5
20051,98,86,1,8
20053,100,89,1,6
20055,32,28,1,65
20057,32,24,2,71
20059,100,90,2,5
20061,57,49,19,18
20063,100,92,2,4
20065,100,89,4,3
20067,0,32,0,65
20069,100,73,1,25
20071,100,71,0,24
20073,100,89,1,5
20075,47,51,0,47
20077,100,84,0,11
20079,96,74,2,20
20081,55,57,0,42
20083,100,85,2,9
20085,100,79,2,4
20087,100,93,1,3
20089,100,94,1,5
20091,98,74,6,11
20093,83,56,1,40
20095,100,94,0,3
20097,100,82,1,12
20099,100,75,6,6
20101,100,83,0,13
20103,98,76,8,8
20105,100,90,1,5
20107,100,94,1,2
20109,100,93,1,4
20111,58,53,2,39
20113,100,89,1,6
20115,100,91,1,5
20117,100,94,1,3
20119,90,71,1,26
20121,100,91,1,4
20123,100,95,0,2
20125,87,69,7,8
20127,100,91,1,6
20129,100,75,3,17
20131,100,94,1,2
20133,100,88,1,6
20135,100,78,0,20
20137,100,95,1,2
20139,100,92,1,4
20141,100,94,1,3
20143,100,94,2,3
20145,96,76,3,15
20147,100,89,2,4
20149,100,90,1,6
20151,100,83,0,13
20153,100,92,2,5
20155,99,79,3,13
20157,100,95,1,2
20159,100,77,2,18
20161,100,69,8,12
20163,100,96,1,2
20165,100,94,1,4
20167,100,91,2,4
20169,100,74,6,12
20171,100,69,1,26
20173,74,54,12,22
20175,0,21,2,72
20177,77,61,12,17
20179,100,90,0,7
20181,100,77,2,20
20183,100,94,0,2
20185,100,72,1,26
20187,45,49,0,44
20189,89,52,1,46
20191,100,87,1,7
20193,100,90,1,6
20195,100,94,2,2
20197,100,90,0,5
20199,100,92,0,7
20201,100,93,1,5
20203,100,60,0,39
20205,100,91,0,4
20207,100,90,0,2
20209,46,27,29,37
21001,100,92,2,4
21003,100,95,1,2
21005,100,92,2,2
21007,100,92,3,1
21009,100,88,5,4
21011,100,96,1,2
21013,100,96,2,0
21015,100,87,3,5
21017,100,78,8,11
21019,100,94,2,1
21021,100,82,8,4
21023,100,97,1,2
21025,100,98,1,0
21027,100,94,2,2
21029,100,95,1,2
21031,100,95,0,3
21033,100,90,6,1
21035,100,88,4,3
21037,100,90,4,2
21039,100,95,1,3
21041,100,85,2,9
21043,100,98,1,1
21045,100,94,0,4
21047,86,58,33,5
21049,100,87,6,4
21051,100,98,1,1
21053,100,95,0,4
21055,100,97,1,1
21057,100,93,2,1
21059,99,83,7,4
21061,100,96,0,1
21063,100,99,0,0
21065,100,99,1,0
21067,79,57,23,12
21069,100,95,2,2
21071,100,99,0,0
21073,100,78,10,5
21075,66,57,34,3
21077,100,88,1,8
21079,100,90,3,5
21081,100,94,1,3
21083,92,80,5,10
21085,100,97,1,1
21087,100,93,2,2
21089,100,96,1,1
21091,100,95,1,2
21093,94,72,16,5
21095,100,96,3,1
21097,100,93,2,3
21099,100,92,4,2
21101,100,83,9,3
21103,99,88,5,5
21105,100,85,10,1
21107,100,83,10,3
21109,100,99,0,0
21111,74,51,37,7
21113,100,89,5,3
21115,100,97,1,1
21117,97,83,8,4
21119,100,98,1,1
21121,100,97,1,1
21123,100,89,3,5
21125,100,96,1,1
21127,100,99,1,0
21129,100,98,1,0
21131,100,99,1,0
21133,100,99,1,1
21135,100,98,0,0
21137,100,92,2,3
21139,100,94,0,3
21141,100,86,8,3
21143,100,91,4,1
21145,85,74,18,3
21147,100,99,0,1
21149,100,96,1,3
21151,100,88,5,3
21153,100,98,0,1
21155,100,89,7,3
21157,100,98,0,1
21159,100,99,0,0
21161,100,85,8,2
21163,100,93,2,2
21165,100,97,0,1
21167,100,87,3,4
21169,100,97,1,2
21171,100,92,3,4
21173,100,92,2,4
21175,100,99,0,0
21177,100,93,4,1
21179,100,86,7,3
21181,100,95,0,3
21183,100,93,1,5
21185,100,89,3,5
21187,100,95,1,4
21189,100,99,1,0
21191,100,97,1,1
21193,100,95,3,1
21195,100,98,1,0
21197,100,98,1,1
21199,100,93,2,3
21201,100,97,0,2
21203,100,98,0,1
21205,100,94,1,2
21207,100,93,1,4
21209,100,84,7,6
21211,98,72,9,15
21213,100,82,11,3
21215,100,92,2,3
21217,100,89,4,3
21219,100,82,9,6
21221,100,83,10,2
21223,100,96,0,2
21225,100,85,11,1
21227,98,74,11,8
21229,100,83,11,6
21231,100,93,2,4
21233,100,85,3,9
21235,100,98,1,1
21237,100,99,0,1
21239,100,79,5,12
22001,82,68,27,2
22003,100,73,22,1
22005,93,62,30,5
22007,80,54,43,2
22009,70,50,46,1
22011,100,77,15,3
22013,73,45,53,1
22015,87,61,27,7
22017,72,29,67,3
22019,96,61,34,2
22021,100,78,19,2
22023,100,90,2,5
22025,80,57,41,1
22027,32,29,69,2
22029,93,49,49,1
22031,93,51,45,2
22033,68,21,71,4
22035,0,0,99,0
22037,68,26,73,0
22039,91,59,38,1
22041,74,48,51,1
22043,95,85,12,1
22045,74,46,47,3
22047,30,30,68,1
22049,80,62,36,1
22051,13,29,46,18
22053,97,72,22,1
22055,78,50,43,4
22057,86,66,21,5
22059,100,88,10,1
22061,68,48,47,3
22063,100,89,7,3
22065,0,5,93,1
22067,38,31,67,1
22069,51,39,57,1
22071,0,1,93,2
22073,84,51,47,1
22075,82,59,30,4
22077,38,37,59,2
22079,90,57,37,3
22081,0,30,66,1
22083,92,47,51,1
22085,74,50,22,3
22087,90,58,26,10
22089,91,56,34,6
22091,0,5,95,0
22093,30,33,65,1
22095,0,13,81,4
22097,69,40,58,1
22099,75,50,45,2
22101,77,46,43,6
22103,94,75,19,4
22105,82,55,39,3
22107,0,7,91,1
22109,76,56,28,4
22111,26,47,44,9
22113,89,72,20,3
22115,85,70,18,7
22117,83,56,41,2
22119,63,57,40,2
22121,85,45,52,2
22123,100,78,18,2
22125,100,58,40,1
22127,100,62,36,2
23001,99,85,11,2
23003,100,93,1,1
23005,98,87,6,2
23007,100,96,1,1
23009,100,94,1,2
23011,100,95,1,2
23013,100,96,1,1
23015,100,96,1,1
23017,100,96,1,1
23019,100,94,1,1
23021,100,95,1,2
23023,100,94,1,2
23025,100,96,1,1
23027,100,95,1,1
23029,100,92,1,2
23031,100,94,1,1
24001,100,90,4,1
24003,85,61,20,9
24005,78,45,38,6
24009,100,75,14,4
24011,100,69,16,9
24013,100,88,4,4
24015,100,81,8,5
24017,45,34,52,5
24019,51,53,37,4
24021,90,67,11,11
24023,100,97,0,1
24025,82,68,18,5
24027,67,47,21,8
24029,94,65,22,8
24031,47,34,21,26
24033,0,5,67,23
24035,100,85,7,3
24037,86,71,18,5
24039,50,45,42,6
24041,100,67,17,10
24043,96,74,12,6
24045,52,49,35,7
24047,84,68,20,6
24510,17,8,85,5
25001,99,85,4,4
25003,99,84,5,5
25005,94,77,5,11
25007,100,79,3,9
25009,94,66,3,25
25011,100,88,2,6
25013,86,52,10,33
25015,99,82,3,8
25017,91,69,7,11
25019,100,67,14,15
25021,96,76,7,5
25023,94,80,12,4
25025,25,17,30,44
25027,91,73,5,15
26001,100,97,0,1
26003,100,80,1,2
26005,97,87,2,8
26007,100,96,0,0
26009,100,91,1,3
26011,100,96,1,1
26013,92,68,0,0
26015,100,93,1,4
26017,100,88,3,6
26019,100,90,1,3
26021,94,66,22,7
26023,100,90,1,7
26025,88,70,15,7
26027,100,80,9,5
26029,100,90,1,2
26031,100,88,0,1
26033,87,59,1,1
26035,100,94,1,2
26037,100,89,1,6
26039,100,93,1,3
26041,100,91,0,1
26043,100,94,0,1
26045,94,82,6,6
26047,100,87,1,2
26049,91,67,25,3
26051,100,95,1,2
26053,95,91,1,1
26055,100,91,1,3
26057,100,90,1,7
26059,100,95,1,2
26061,100,96,1,0
26063,100,95,1,3
26065,83,60,20,10
26067,100,92,1,6
26069,100,94,1,2
26071,100,96,0,1
26073,100,83,3,3
26075,94,81,11,4
26077,86,67,19,6
26079,100,95,0,2
26081,85,64,13,15
26083,100,100,0,0
26085,100,63,31,3
26087,100,91,1,6
26089,100,81,1,9
26091,99,82,2,13
26093,100,95,1,2
26095,100,85,1,1
26097,63,53,1,2
26099,95,75,16,2
26101,100,89,1,4
26103,100,90,1,1
26105,100,86,1,8
26107,100,89,4,3
26109,98,91,0,2
26111,100,91,2,3
26113,100,95,1,2
26115,100,89,5,4
26117,100,93,1,4
26119,100,97,0,2
26121,94,72,18,6
26123,100,89,1,8
26125,96,67,20,4
26127,88,61,0,36
26129,100,95,0,2
26131,100,94,0,2
26133,100,95,1,2
26135,100,97,1,1
26137,100,96,1,1
26139,93,76,2,16
26141,100,96,1,1
26143,100,95,1,1
26145,86,59,28,10
26147,100,89,4,3
26149,99,81,3,13
26151,100,94,1,4
26153,100,79,0,1
26155,100,94,0,2
26157,100,93,1,4
26159,95,76,4,16
26161,84,65,19,5
26163,92,45,44,6
26165,100,94,1,2
27001,100,91,1,1
27003,97,77,9,6
27005,99,82,1,1
27007,99,63,1,2
27009,100,91,3,2
27011,100,95,0,2
27013,100,84,7,4
27015,100,89,0,9
27017,100,87,0,1
27019,100,87,2,6
27021,97,66,1,1
27023,100,87,1,10
27025,100,95,1,2
27027,100,85,2,7
27029,100,74,1,1
27031,98,78,0,2
27033,100,76,1,12
27035,100,95,1,1
27037,97,75,8,9
27039,100,90,1,8
27041,100,95,1,2
27043,100,86,1,11
27045,100,97,0,1
27047,100,79,1,16
27049,100,89,2,4
27051,100,96,1,2
27053,83,55,21,10
27055,100,92,3,2
27057,100,89,1,3
27059,100,92,1,2
27061,100,84,1,1
27063,100,89,1,6
27065,100,94,1,2
27067,100,70,6,22
27069,100,93,1,4
27071,100,89,2,1
27073,100,90,1,4
27075,100,95,1,1
27077,100,91,1,1
27079,100,85,1,12
27081,100,97,0,1
27083,100,81,4,9
27085,100,89,1,9
27087,21,30,0,2
27089,100,92,0,7
27091,100,92,1,5
27093,100,94,0,4
27095,100,91,1,1
27097,100,95,1,2
27099,93,72,4,19
27101,100,93,1,3
27103,100,85,5,7
27105,49,52,4,34
27107,100,86,1,8
27109,96,73,9,7
27111,100,90,2,5
27113,100,87,2,5
27115,100,88,2,2
27117,100,89,1,6
27119,100,86,1,10
27121,100,96,2,1
27123,78,43,19,11
27125,100,88,1,6
27127,100,80,1,3
27129,100,82,1,15
27131,100,77,5,15
27133,100,92,1,4
27135,100,91,1,1
27137,99,87,3,2
27139,99,79,4,7
27141,99,89,3,3
27143,100,79,1,18
27145,99,85,6,5
27147,100,83,5,10
27149,100,91,1,4
27151,100,91,0,6
27153,100,85,1,12
27155,94,85,1,4
27157,100,93,1,4
27159,100,94,1,2
27161,100,89,2,8
27163,100,80,5,5
27165,100,57,1,41
27167,100,90,1,6
27169,100,87,3,5
27171,100,92,1,3
27173,100,82,1,8
28001,0,9,89,1
28003,100,79,16,3
28005,0,15,83,1
28007,65,45,52,2
28009,90,46,49,3
28011,17,17,80,2
28013,78,54,34,10
28015,0,34,65,1
28017,67,40,54,5
28019,87,64,34,1
28021,0,1,99,0
28023,53,55,44,1
28025,0,18,81,1
28027,0,3,95,1
28029,78,25,72,3
28031,69,45,52,1
28033,87,61,31,6
28035,91,44,51,3
28037,75,55,44,0
28039,100,88,9,2
28041,100,81,18,0
28043,100,51,47,0
28045,100,84,11,2
28047,84,58,34,4
28049,6,10,89,1
28051,0,0,99,0
28053,0,1,97,1
28057,100,90,8,1
28059,82,64,28,5
28061,86,24,76,0
28063,0,0,99,0
28065,0,11,88,1
28067,92,55,38,5
28069,0,2,97,0
28071,100,59,35,3
28073,99,70,24,3
28075,66,40,57,1
28077,85,58,40,1
28079,22,30,61,7
28081,56,57,38,2
28083,0,4,94,2
28085,70,62,37,0
28087,87,37,60,1
28089,85,43,52,2
28091,57,52,46,1
28093,36,27,66,5
28095,99,60,39,1
28097,0,35,64,1
28099,89,57,33,1
28101,96,57,40,1
28103,0,1,98,1
28105,0,27,69,1
28107,21,33,65,1
28109,99,78,18,2
28111,92,70,27,1
28113,77,31,68,1
28115,100,74,18,7
28117,100,83,14,1
28119,0,2,97,0
28121,100,71,24,3
28123,38,43,45,10
28125,0,2,97,1
28127,32,48,50,1
28129,100,69,29,1
28131,100,73,24,1
28133,0,2,96,1
28135,0,18,82,0
28137,78,56,40,3
28139,100,72,20,6
28141,100,92,3,4
28143,0,1,97,1
28145,100,75,18,5
28147,37,36,62,1
28149,17,34,63,1
28151,78,10,88,1
28153,45,44,55,1
28155,100,74,23,1
28157,0,1,99,0
28159,43,31,65,1
28161,87,42,55,1
28163,58,20,79,0
29001,100,93,2,2
29003,100,94,1,2
29005,100,97,0,2
29007,100,84,6,4
29009,100,81,1,14
29011,100,91,0,3
29013,100,96,1,2
29015,100,96,1,2
29017,100,99,0,0
29019,94,70,16,5
29021,100,82,9,6
29023,100,87,10,1
29025,100,95,2,1
29027,100,91,5,2
29029,100,93,1,4
29031,97,79,15,2
29033,100,95,3,1
29035,100,99,0,1
29037,100,86,7,5
29039,100,96,0,2
29041,100,94,3,1
29043,100,92,1,3
29045,100,98,0,1
29047,99,77,8,8
29049,100,92,2,2
29051,96,75,15,4
29053,100,88,5,2
29055,100,96,1,2
29057,100,95,1,2
29059,100,96,1,1
29061,100,97,1,1
29063,100,97,1,1
29065,100,94,0,2
29067,100,98,0,1
29069,100,72,17,10
29071,100,95,1,2
29073,100,96,0,2
29075,100,96,1,1
29077,100,87,6,4
29079,100,96,1,2
29081,100,97,0,1
29083,100,95,2,1
29085,100,95,1,2
29087,100,98,0,0
29089,100,88,6,2
29091,100,96,1,1
29093,100,96,2,1
29095,87,50,34,12
29097,97,82,3,11
29099,100,95,2,1
29101,100,86,5,4
29103,100,96,2,1
29105,100,94,1,3
29107,100,92,4,3
29109,100,85,1,11
29111,100,92,3,1
29113,100,91,3,3
29115,100,94,1,3
29117,100,94,3,2
29119,88,74,1,19
29121,100,91,5,1
29123,100,96,1,2
29125,100,98,0,1
29127,100,88,8,1
29129,100,99,0,0
29131,100,95,1,2
29133,74,67,31,2
29135,100,90,1,8
29137,100,92,4,1
29139,100,93,2,2
29141,100,95,1,2
29143,100,73,23,2
29145,100,80,2,7
29147,100,97,1,1
29149,100,95,1,2
29151,100,99,0,0
29153,100,99,0,1
29155,75,59,39,2
29157,100,95,0,3
29159,100,78,5,13
29161,100,91,4,2
29163,100,89,4,3
29165,100,75,9,8
29167,100,94,1,2
29169,100,72,14,7
29171,100,98,0,1
29173,100,95,3,1
29175,100,88,5,2
29177,100,95,2,2
29179,100,95,3,1
29181,100,97,1,1
29183,100,85,7,3
29185,100,95,1,3
29186,100,96,1,1
29187,100,95,2,1
29189,90,53,37,3
29195,100,76,7,15
29197,100,97,0,1
29199,100,99,1,0
29201,100,76,18,3
29203,100,97,0,2
29205,100,96,0,0
29207,100,97,1,1
29209,100,95,1,2
29211,100,74,1,23
29213,100,87,2,8
29215,100,97,1,1
29217,100,95,1,2
29219,100,90,4,4
29221,100,96,1,1
29223,100,97,2,1
29225,100,94,1,2
29227,100,100,0,0
29229,100,97,1,1
29510,24,14,80,4
30001,100,92,0,5
30003,1,12,0,6
30005,94,36,0,1
30007,100,92,1,4
30009,100,93,0,3
30011,100,99,0,1
30013,99,80,3,3
30015,100,92,0,1
30017,100,93,1,2
30019,100,91,1,2
30021,100,93,1,2
30023,100,93,1,2
30025,100,93,1,2
30027,100,94,1,2
30029,100,93,1,3
30031,100,90,1,4
30033,100,100,0,0
30035,56,17,0,1
30037,100,91,0,2
30039,100,94,1,1
30041,97,50,1,2
30043,100,90,1,2
30045,100,94,2,1
30047,60,48,1,2
30049,100,90,1,3
30051,100,97,0,0
30053,100,90,1,4
30055,100,94,2,1
30057,100,93,1,3
30059,100,95,0,2
30061,100,85,1,6
30063,100,88,1,2
30065,100,93,1,4
30067,100,93,0,4
30069,100,96,3,0
30071,97,74,0,3
30073,100,72,1,1
30075,100,87,0,5
30077,100,90,1,2
30079,100,88,0,4
30081,100,90,0,5
30083,100,89,1,5
30085,63,22,0,1
30087,80,45,0,4
30089,98,81,1,4
30091,100,87,1,3
30093,100,89,1,4
30095,100,94,0,3
30097,100,97,0,1
30099,100,92,0,3
30101,100,90,1,3
30103,100,80,0,8
30105,100,76,1,2
30107,100,92,2,2
30109,100,93,1,1
30111,99,81,1,7
31001,100,80,2,15
31003,100,91,0,7
31005,100,95,0,5
31007,100,80,3,16
31009,100,98,0,0
31011,100,95,0,3
31013,100,73,1,16
31015,100,93,1,3
31017,100,95,0,2
31019,99,82,2,14
31021,100,91,1,3
31023,100,91,1,7
31025,100,94,1,3
31027,100,96,1,2
31029,100,80,0,18
31031,100,84,0,2
31033,100,86,0,10
31035,100,83,2,14
31037,69,37,1,61
31039,100,75,1,20
31041,100,93,1,3
31043,32,33,3,56
31045,100,81,2,3
31047,82,47,3,47
31049,100,94,1,3
31051,100,91,2,6
31053,99,78,1,19
31055,80,56,17,18
31057,100,86,1,12
31059,97,91,2,6
31061,100,96,0,2
31063,100,92,1,4
31065,100,94,1,4
31067,100,93,1,3
31069,100,82,1,12
31071,100,99,0,1
31073,100,88,1,9
31075,100,99,0,1
31077,100,94,0,6
31079,58,54,2,40
31081,100,93,1,4
31083,100,95,0,4
31085,100,95,0,3
31087,100,94,0,3
31089,100,85,0,13
31091,100,97,0,1
31093,100,95,0,3
31095,100,92,1,5
31097,100,84,1,12
31099,100,92,1,6
31101,100,85,1,10
31103,100,98,0,0
31105,100,81,0,13
31107,98,80,1,2
31109,96,73,6,11
31111,100,84,1,12
31113,100,96,1,2
31115,100,94,0,6
31117,100,90,6,1
31119,93,68,2,25
31121,100,92,0,6
31123,100,75,0,22
31125,100,93,1,4
31127,100,93,1,3
31129,100,96,1,2
31131,100,87,1,10
31133,100,94,1,4
31135,100,88,1,7
31137,100,91,0,6
31139,100,96,0,2
31141,90,65,1,31
31143,100,95,0,4
31145,100,93,1,5
31147,100,89,0,1
31149,100,95,0,0
31151,70,62,1,34
31153,94,75,7,13
31155,100,94,1,3
31157,97,59,1,36
31159,100,93,1,3
31161,100,69,0,7
31163,100,93,0,5
31165,100,91,0,8
31167,100,87,1,7
31169,100,93,1,4
31171,100,98,1,0
31173,95,26,0,5
31175,100,95,0,4
31177,100,94,1,3
31179,100,77,2,19
31181,100,92,0,5
31183,100,100,0,0
31185,100,88,1,7
32001,100,66,2,18
32003,41,31,12,42
32005,100,69,0,19
32007,92,62,1,29
32009,78,50,0,38
32011,100,85,1,9
32013,87,57,1,34
32015,100,62,1,30
32017,100,88,2,5
32019,92,65,1,24
32021,99,55,5,15
32023,98,67,3,24
32027,100,53,1,30
32029,100,80,2,10
32031,75,49,3,37
32033,100,75,1,16
32510,86,54,0,38
33001,100,94,1,2
33003,100,96,1,1
33005,100,94,1,1
33007,100,95,0,1
33009,100,92,1,2
33011,98,82,3,8
33013,100,92,2,2
33015,100,92,1,2
33017,100,90,2,2
33019,100,94,1,1
34001,76,46,19,24
34003,85,58,6,20
34005,92,66,20,7
34007,91,48,25,19
34009,97,79,8,11
34011,51,35,24,38
34013,72,28,45,21
34015,96,76,14,6
34017,17,17,16,57
34019,100,87,2,5
34021,62,44,23,18
34023,54,37,11,26
34025,95,72,10,12
34027,95,73,4,12
34029,99,78,6,13
34031,79,34,12,49
34033,86,65,21,11
34035,89,56,10,16
34037,100,88,3,7
34039,77,37,24,34
34041,99,81,5,9
35001,26,23,2,66
35003,100,71,1,16
35005,10,28,2,69
35006,8,17,1,40
35007,17,40,0,58
35009,36,37,7,53
35011,62,49,1,49
35013,2,14,2,82
35015,32,42,1,55
35017,21,29,1,69
35019,0,6,0,91
35021,54,53,0,45
35023,60,29,0,70
35025,15,29,4,67
35027,32,39,1,44
35028,100,66,1,25
35029,0,17,1,82
35031,0,5,0,14
35033,0,5,1,94
35035,88,54,6,32
35037,53,42,2,54
35039,7,4,0,78
35041,19,43,2,53
35043,1,35,3,46
35045,41,32,1,22
35047,0,8,1,90
35049,39,25,1,69
35051,68,49,1,49
35053,15,23,2,64
35055,37,27,1,66
35057,41,47,2,48
35059,9,47,1,51
35061,4,24,1,69
36001,92,61,24,7
36003,100,96,1,1
36005,9,4,29,61
36007,97,81,9,5
36009,100,87,2,2
36011,100,89,5,2
36013,97,82,3,10
36015,100,83,10,3
36017,100,95,2,2
36019,100,94,3,1
36021,92,80,8,7
36023,100,93,3,2
36025,100,93,1,4
36027,94,70,13,13
36029,96,68,19,7
36031,100,96,1,1
36033,96,84,1,1
36035,100,93,3,2
36037,100,89,3,4
36039,100,86,5,6
36041,100,97,1,1
36043,100,95,2,1
36045,100,82,6,7
36047,27,15,42,28
36049,100,97,1,1
36051,100,93,2,3
36053,100,94,1,2
36055,95,59,24,11
36057,93,76,3,19
36059,87,57,13,19
36061,45,15,25,47
36063,96,80,12,3
36065,90,78,9,6
36067,90,69,18,5
36069,98,88,4,5
36071,87,59,13,24
36073,100,84,5,7
36075,100,95,1,2
36077,100,92,3,3
36079,100,80,2,14
36081,15,14,20,37
36083,96,79,11,6
36085,80,52,14,25
36087,83,51,16,23
36089,100,94,1,1
36091,100,92,2,2
36093,80,65,16,8
36095,100,96,1,2
36097,100,94,1,2
36099,100,91,3,3
36101,100,94,2,1
36103,93,65,9,21
36105,88,65,12,20
36107,100,95,2,1
36109,96,80,7,3
36111,98,75,9,12
36113,100,94,2,2
36115,100,96,1,2
36117,100,86,4,6
36119,80,50,15,28
36121,100,96,1,1
36123,100,94,1,2
37001,79,54,21,21
37003,100,84,4,7
37005,100,82,1,16
37007,37,34,58,3
37009,100,89,0,9
37011,99,89,1,8
37013,60,51,32,13
37015,0,15,81,2
37017,56,40,41,14
37019,96,69,16,10
37021,97,73,9,11
37023,97,74,6,10
37025,79,60,19,14
37027,99,81,6,8
37029,100,79,13,3
37031,100,79,7,6
37033,70,53,36,6
37035,84,64,9,15
37037,90,56,13,26
37039,100,91,2,4
37041,70,50,42,4
37043,100,93,1,4
37045,91,64,26,5
37047,61,52,33,8
37049,84,54,29,8
37051,37,34,45,11
37053,100,79,5,5
37055,100,82,3,11
37057,92,74,10,11
37059,100,79,6,11
37061,53,37,25,35
37063,24,22,51,21
37065,30,28,63,7
37067,68,42,30,21
37069,73,52,31,14
37071,86,66,20,9
37073,100,59,35,2
37075,100,83,0,2
37077,59,51,32,12
37079,0,31,41,26
37081,55,38,41,11
37083,91,29,63,3
37085,76,52,25,16
37087,100,90,1,6
37089,94,72,4,19
37091,0,16,80,2
37093,16,28,37,17
37095,32,52,30,15
37097,94,72,14,9
37099,94,79,1,9
37101,90,61,16,18
37103,24,42,47,7
37105,10,43,22,30
37107,66,38,48,11
37109,99,81,6,10
37111,100,80,3,11
37113,100,82,1,13
37115,100,95,0,3
37117,29,43,49,5
37119,65,33,42,17
37121,100,90,0,8
37123,61,45,20,31
37125,85,66,19,11
37127,29,37,46,10
37129,91,64,22,8
37131,0,16,79,3
37133,86,61,19,11
37135,76,56,13,14
37137,100,69,20,6
37139,57,47,43,5
37141,85,67,19,11
37143,100,63,31,2
37145,80,57,31,7
37147,37,38,48,9
37149,100,79,6,11
37151,90,70,6,19
37153,26,46,37,9
37155,7,16,25,11
37157,89,63,20,11
37159,83,64,19,13
37161,98,75,12,6
37163,24,39,26,29
37165,26,32,46,2
37167,89,74,13,7
37169,100,87,4,5
37171,98,75,3,19
37173,86,69,1,4
37175,100,83,5,5
37177,0,42,33,17
37179,94,69,13,14
37181,22,26,58,12
37183,73,50,24,15
37185,0,18,63,6
37187,0,21,70,7
37189,100,86,1,7
37191,58,41,35,17
37193,98,81,4,12
37195,35,34,47,16
37197,100,75,3,20
37199,100,87,1,10
38001,100,91,3,2
38003,100,95,2,1
38005,93,31,0,1
38007,100,96,0,0
38009,99,64,1,2
38011,100,91,1,6
38013,100,94,1,2
38015,100,87,1,2
38017,100,85,6,3
38019,100,95,0,3
38021,100,91,2,5
38023,100,97,0,1
38025,96,76,0,3
38027,100,88,0,4
38029,100,98,0,0
38031,100,97,1,1
38033,100,92,1,2
38035,100,83,4,4
38037,100,88,1,1
38039,100,95,1,1
38041,100,93,1,1
38043,100,92,1,5
38045,100,94,1,1
38047,100,97,1,0
38049,100,96,1,2
38051,100,95,1,3
38053,99,78,0,1
38055,100,85,1,1
38057,100,94,1,1
38059,100,88,1,1
38061,84,39,1,3
38063,100,94,1,2
38065,100,89,0,5
38067,99,86,1,7
38069,100,95,0,0
38071,100,73,1,1
38073,100,96,2,1
38075,100,93,1,2
38077,100,89,1,4
38079,79,14,0,0
38081,100,95,1,2
38083,100,94,0,0
38085,0,2,0,0
38087,100,100,0,0
38089,100,92,1,3
38091,100,98,0,2
38093,100,92,1,2
38095,100,88,1,4
38097,100,92,1,5
38099,100,77,1,21
38101,100,87,4,3
38103,100,95,1,1
38105,98,86,1,2
39001,100,98,0,1
39003,89,73,16,3
39005,100,96,1,1
39007,100,86,3,5
39009,100,92,2,1
39011,100,96,0,1
39013,100,93,2,1
39015,100,97,1,1
39017,98,77,10,5
39019,100,97,1,0
39021,100,92,2,1
39023,97,79,10,4
39025,100,93,1,2
39027,100,91,2,3
39029,100,94,2,1
39031,100,95,1,1
39033,100,95,1,1
39035,85,47,41,6
39037,100,96,0,1
39039,100,82,3,11
39041,100,82,6,3
39043,85,78,11,3
39045,99,84,8,2
39047,100,92,2,2
39049,87,54,30,6
39051,100,85,1,10
39053,100,93,4,1
39055,100,94,2,1
39057,100,81,7,3
39059,100,93,2,1
39061,86,52,38,3
39063,100,88,2,4
39065,100,95,1,1
39067,100,95,2,0
39069,100,90,1,7
39071,100,94,1,1
39073,100,97,1,0
39075,100,98,0,1
39077,100,88,1,8
39079,100,97,1,1
39081,98,86,8,1
39083,100,93,1,2
39085,97,85,5,6
39087,100,94,2,1
39089,100,87,6,1
39091,100,89,2,1
39093,87,70,11,11
39095,89,63,24,6
39097,100,93,2,2
39099,93,69,21,5
39101,100,87,4,4
39103,100,94,1,1
39105,100,97,1,1
39107,100,96,0,1
39109,100,90,2,2
39111,100,98,0,0
39113,95,62,28,3
39115,100,88,3,0
39117,100,96,1,2
39119,100,89,4,1
39121,100,99,0,0
39123,100,89,1,6
39125,100,92,1,4
39127,100,98,1,0
39129,100,95,2,1
39131,100,96,1,1
39133,100,89,5,1
39135,100,97,0,1
39137,98,89,0,8
39139,98,82,9,2
39141,100,90,3,1
39143,100,78,3,12
39145,100,95,1,1
39147,100,89,1,5
39149,100,92,2,1
39151,95,81,11,2
39153,92,70,21,2
39155,95,82,12,1
39157,100,94,1,2
39159,100,91,1,1
39161,100,93,1,2
39163,100,98,0,0
39165,100,86,2,3
39167,100,96,1,1
39169,100,93,2,2
39171,100,93,0,4
39173,100,84,2,7
39175,100,93,0,4
40001,0,24,0,9
40003,100,87,2,3
40005,49,46,4,3
40007,79,64,1,33
40009,100,74,3,14
40011,91,59,3,15
40013,85,56,2,6
40015,67,46,2,11
40017,98,71,3,9
40019,76,58,9,7
40021,0,27,2,10
40023,30,47,16,2
40025,100,67,0,31
40027,99,64,6,10
40029,25,46,1,4
40031,44,49,23,13
40033,100,65,4,9
40035,59,53,4,3
40037,97,64,3,4
40039,70,58,3,25
40041,58,41,1,5
40043,100,78,1,8
40045,100,84,1,12
40047,90,68,5,14
40049,99,65,4,9
40051,100,77,4,6
40053,100,82,1,6
40055,100,74,2,20
40057,47,48,11,35
40059,100,67,0,29
40061,92,58,1,2
40063,84,54,3,4
40065,70,53,7,29
40067,97,72,1,11
40069,97,56,2,5
40071,97,64,3,10
40073,93,67,1,19
40075,100,63,6,17
40077,81,58,1,4
40079,84,53,2,9
40081,100,73,3,3
40083,97,69,9,8
40085,77,59,1,23
40087,97,62,3,17
40089,68,50,10,6
40091,65,52,6,2
40093,100,80,1,14
40095,0,41,2,23
40097,54,46,1,2
40099,100,63,2,6
40101,15,39,12,7
40103,91,67,2,3
40105,58,53,4,1
40107,26,46,5,2
40109,68,43,21,24
40111,64,47,9,3
40113,66,46,15,3
40115,66,52,1,7
40117,97,68,2,3
40119,98,69,4,5
40121,67,51,3,4
40123,54,52,2,5
40125,93,61,4,5
40127,99,58,1,2
40129,100,81,1,6
40131,87,57,2,5
40133,71,50,4,4
40135,46,44,4,5
40137,97,74,3,10
40139,36,37,1,59
40141,3,45,11,35
40143,76,50,15,17
40145,68,56,5,5
40147,98,63,5,7
40149,100,75,4,12
40151,100,83,3,7
40153,100,78,1,15
41001,100,86,0,8
41003,98,77,1,12
41005,98,75,1,14
41007,100,80,1,14
41009,100,84,1,7
41011,100,73,1,9
41013,100,75,0,16
41015,100,69,1,11
41017,100,84,1,11
41019,100,79,1,9
41021,100,85,0,10
41023,100,92,0,5
41025,100,85,0,5
41027,50,50,1,45
41029,97,74,1,18
41031,36,37,1,33
41033,100,82,1,10
41035,92,69,1,17
41037,100,78,1,15
41039,99,72,2,14
41041,97,68,1,16
41043,99,80,1,12
41045,47,44,0,51
41047,74,51,1,41
41049,68,48,0,49
41051,68,54,9,21
41053,93,69,1,22
41055,100,87,0,10
41057,100,70,1,22
41059,74,55,1,37
41061,100,87,0,6
41063,100,91,0,4
41065,90,65,1,27
41067,81,56,2,26
41069,100,87,0,8
41071,97,70,1,23
42001,100,85,3,11
42003,91,71,22,1
42005,100,97,1,0
42007,99,85,10,1
42009,100,97,1,1
42011,96,64,6,27
42013,100,94,4,1
42015,100,96,1,1
42017,98,83,5,5
42019,100,96,1,1
42021,100,91,6,1
42023,100,97,1,1
42025,100,91,3,5
42027,100,90,2,2
42029,97,75,10,9
42031,100,97,1,1
42033,100,97,1,1
42035,100,96,1,1
42037,100,94,2,2
42039,100,92,3,2
42041,100,83,4,5
42043,85,57,24,11
42045,92,59,31,3
42047,100,96,0,2
42049,92,78,12,5
42051,99,90,7,1
42053,100,97,0,2
42055,98,84,5,7
42057,100,97,1,1
42059,100,98,1,0
42061,100,96,2,1
42063,100,95,2,1
42065,100,98,0,1
42067,100,93,1,5
42069,97,81,6,9
42071,96,72,6,16
42073,100,88,9,1
42075,88,76,3,18
42077,90,56,9,30
42079,93,78,6,14
42081,99,86,7,2
42083,100,96,1,1
42085,97,85,11,1
42087,100,94,3,2
42089,85,59,20,18
42091,94,71,13,5
42093,100,91,2,3
42095,89,69,9,17
42097,100,92,2,4
42099,100,96,1,1
42101,44,14,59,17
42103,90,77,9,12
42105,100,97,1,1
42107,100,92,2,4
42109,100,94,2,3
42111,100,98,1,1
42113,100,97,2,1
42115,100,96,1,2
42117,100,97,1,1
42119,100,91,3,3
42121,100,95,3,1
42123,100,97,1,1
42125,100,91,4,1
42127,100,94,2,3
42129,99,92,4,1
42131,100,96,1,1
42133,98,78,9,8
44001,100,91,2,2
44003,100,88,2,6
44005,94,80,7,8
44007,83,50,11,32
44009,100,89,2,3
45001,63,60,36,1
45003,85,56,33,7
45005,0,2,95,2
45007,94,72,20,4
45009,0,27,69,1
45011,21,40,54,2
45013,57,44,31,20
45015,79,53,32,8
45017,72,31,64,4
45019,85,46,44,6
45021,92,67,26,5
45023,61,49,47,1
45025,55,54,38,4
45027,47,33,61,4
45029,12,44,49,3
45031,49,42,55,2
45033,46,36,55,3
45035,75,54,33,6
45037,66,51,43,3
45039,0,11,86,2
45041,54,42,52,3
45043,59,50,45,4
45045,86,59,23,12
45047,58,53,36,9
45049,27,32,64,2
45051,90,65,21,8
45053,0,14,62,23
45055,92,65,28,4
45057,72,63,29,6
45059,81,59,31,7
45061,0,6,93,1
45063,88,68,20,6
45065,4,19,80,0
45067,0,23,73,2
45069,16,31,59,1
45071,74,48,37,12
45073,100,78,10,8
45075,46,20,77,2
45077,100,83,7,5
45079,63,34,56,5
45081,21,43,32,23
45083,84,62,24,9
45085,20,33,61,3
45087,91,59,37,1
45089,0,6,92,1
45091,90,67,22,6
46003,100,89,1,8
46005,95,70,2,11
46007,0,25,0,3
46009,100,96,1,1
46011,100,89,1,3
46013,100,89,1,1
46015,100,66,0,3
46017,0,0,.,.
46019,100,88,0,6
46021,100,98,0,1
46023,68,48,0,3
46025,100,94,1,4
46027,100,82,3,3
46029,100,92,1,2
46031,78,20,0,1
46033,100,80,1,5
46035,100,90,1,3
46037,94,85,0,2
46039,100,96,1,2
46041,3,32,0,1
46043,100,95,0,1
46045,100,93,0,5
46047,98,73,1,3
46049,100,97,1,0
46051,100,95,0,3
46053,100,82,0,1
46055,100,91,0,1
46057,100,95,0,4
46059,100,98,0,1
46061,100,97,0,1
46063,100,98,0,1
46065,97,77,1,3
46067,100,96,1,2
46069,100,82,0,1
46071,43,45,0,0
46073,100,97,0,2
46075,100,79,3,2
46077,100,94,1,3
46079,100,94,1,2
46081,100,88,1,5
46083,100,94,1,2
46085,85,64,0,0
46087,100,96,0,1
46089,100,98,1,0
46091,100,92,1,3
46093,100,89,1,3
46095,14,16,0,0
46097,100,96,1,2
46099,95,77,8,6
46101,100,66,2,2
46103,95,72,2,5
46105,100,96,0,0
46107,100,93,1,1
46109,75,56,1,2
46111,100,94,0,2
46113,0,0,0,3
46115,100,97,1,1
46117,100,78,0,1
46119,100,93,1,1
46121,0,2,0,0
46123,100,73,1,1
46125,100,95,1,2
46127,100,92,1,3
46129,100,72,0,2
46135,100,89,2,4
46137,0,15,0,0
47001,100,87,7,3
47003,91,70,9,19
47005,100,93,3,2
47007,100,93,1,5
47009,100,91,4,3
47011,100,85,7,6
47013,100,98,0,1
47015,100,95,1,2
47017,100,84,12,2
47019,100,95,2,2
47021,100,94,2,3
47023,100,82,13,3
47025,100,97,1,1
47027,100,96,1,2
47029,100,92,3,3
47031,100,87,4,5
47033,100,70,14,15
47035,100,94,1,4
47037,35,32,46,17
47039,100,91,4,4
47041,100,88,2,9
47043,100,88,6,4
47045,93,74,21,4
47047,47,37,58,4
47049,100,98,0,1
47051,100,89,6,4
47053,96,73,23,3
47055,100,81,14,1
47057,100,95,0,4
47059,100,93,2,3
47061,100,99,0,1
47063,88,75,4,17
47065,92,59,31,7
47067,100,99,0,0
47069,62,44,52,2
47071,100,92,5,2
47073,100,95,2,2
47075,0,31,62,6
47077,100,86,10,3
47079,100,85,12,2
47081,100,94,2,2
47083,100,92,4,2
47085,100,94,4,1
47087,100,98,0,1
47089,100,91,2,5
47091,100,97,1,2
47093,98,77,14,5
47095,100,68,27,2
47097,42,54,41,3
47099,100,95,2,2
47101,100,93,2,2
47103,100,85,9,4
47105,100,84,2,13
47107,100,87,6,4
47109,100,90,7,1
47111,100,93,0,6
47113,47,34,59,5
47115,100,93,4,2
47117,100,84,8,6
47119,96,72,18,7
47121,100,97,1,1
47123,100,91,3,5
47125,67,58,24,10
47127,100,96,3,1
47129,100,99,0,1
47131,91,79,14,5
47133,100,98,1,1
47135,100,93,3,2
47137,100,98,0,2
47139,100,97,1,2
47141,98,85,3,10
47143,100,90,2,7
47145,100,92,4,2
47147,93,80,10,9
47149,90,67,17,10
47151,100,99,0,0
47153,100,93,0,5
47155,100,90,1,6
47157,64,20,69,7
47159,100,92,3,4
47161,100,95,2,2
47163,100,92,4,2
47165,99,83,10,5
47167,89,73,24,2
47169,100,84,13,3
47171,100,91,0,9
47173,100,94,3,1
47175,100,98,0,1
47177,100,81,4,13
47179,99,87,6,5
47181,100,97,1,1
47183,100,89,8,2
47185,100,94,3,2
47187,98,85,5,5
47189,100,83,9,5
48001,80,57,17,22
48003,0,31,2,65
48005,63,49,17,31
48007,79,53,1,40
48009,100,85,0,11
48011,100,86,2,10
48013,0,25,0,74
48015,50,49,10,38
48017,0,19,0,80
48019,100,68,1,29
48021,50,39,7,50
48023,100,73,3,21
48025,0,20,2,77
48027,38,36,26,29
48029,12,17,7,72
48031,100,64,1,32
48033,100,74,0,17
48035,94,65,2,30
48037,67,56,31,8
48039,39,41,13,38
48041,54,38,18,39
48043,0,31,1,66
48045,100,57,2,39
48047,0,1,0,98
48049,94,62,5,30
48051,61,51,16,31
48053,95,62,2,34
48055,6,30,5,63
48057,4,31,2,62
48059,100,84,1,12
48061,0,3,0,97
48063,0,41,18,38
48065,100,86,1,11
48067,95,70,20,6
48069,55,22,2,75
48071,85,66,6,24
48073,63,51,15,32
48075,100,53,6,37
48077,100,87,1,8
48079,41,30,2,66
48081,100,65,0,34
48083,100,67,3,27
48085,75,53,10,20
48087,55,48,3,46
48089,26,38,16,43
48091,88,56,2,38
48093,55,53,0,45
48095,0,45,1,52
48097,75,61,5,29
48099,49,53,16,22
48101,0,42,16,38
48103,0,27,3,69
48105,0,22,1,76
48107,0,23,3,74
48109,0,9,0,89
48111,43,49,2,47
48113,24,15,24,55
48115,42,26,3,70
48117,0,12,1,86
48119,100,72,16,7
48121,75,54,9,26
48123,21,40,9,49
48125,32,54,1,44
48127,0,7,0,92
48129,100,71,9,16
48131,0,6,0,93
48133,98,73,1,24
48135,2,24,4,69
48137,60,30,0,70
48139,59,51,11,35
48141,0,6,2,90
48143,80,61,1,35
48145,43,27,32,39
48147,100,76,6,14
48149,58,53,9,36
48151,76,58,3,37
48153,0,21,3,76
48155,100,69,4,24
48157,45,29,22,30
48159,100,68,5,23
48161,100,61,15,21
48163,0,7,0,91
48165,91,46,2,50
48167,71,47,16,31
48169,0,37,4,56
48171,57,57,0,41
48173,49,51,0,49
48175,0,43,5,50
48177,0,25,7,67
48179,85,56,3,38
48181,91,68,8,17
48183,68,45,25,26
48185,67,43,20,36
48187,28,41,8,47
48189,0,21,4,74
48191,0,33,8,57
48193,100,78,0,19
48195,24,41,0,58
48197,100,62,5,28
48199,100,84,8,6
48201,43,19,20,54
48203,75,56,23,19
48205,43,50,1,46
48207,61,54,4,37
48209,57,40,3,54
48211,100,55,0,44
48213,82,67,9,21
48215,0,2,0,97
48217,85,58,9,30
48219,24,34,3,61
48221,100,77,1,19
48223,100,64,8,24
48225,83,54,28,15
48227,46,40,5,52
48229,0,12,0,86
48231,83,63,10,23
48233,85,61,3,31
48235,100,64,3,33
48237,100,75,1,22
48239,46,51,9,39
48241,74,66,22,9
48243,0,43,0,55
48245,75,28,41,24
48247,0,3,0,96
48249,0,14,0,85
48251,90,65,3,27
48253,63,57,4,36
48255,42,30,2,67
48257,84,60,10,26
48259,90,65,0,32
48261,0,27,0,71
48263,100,72,1,25
48265,69,51,2,44
48267,100,60,0,39
48269,100,79,0,21
48271,0,27,1,71
48273,0,14,3,82
48275,33,43,7,48
48277,73,67,17,11
48279,10,28,4,67
48281,100,66,3,25
48283,0,6,0,94
48285,100,69,8,20
48287,47,45,14,39
48289,94,66,8,23
48291,78,61,9,27
48293,64,41,22,32
48295,73,53,0,44
48297,0,42,1,56
48299,100,77,1,19
48303,55,38,10,49
48305,29,37,3,58
48307,48,52,2,44
48309,75,43,18,36
48311,100,59,0,37
48313,23,51,19,28
48315,100,53,40,5
48317,32,40,0,59
48319,100,61,0,39
48321,27,31,11,54
48323,0,1,0,97
48325,0,34,1,63
48327,25,47,1,52
48329,26,33,8,56
48331,37,49,12,37
48333,96,71,0,27
48335,24,42,5,50
48337,100,79,0,17
48339,84,58,5,32
48341,15,22,1,67
48343,62,54,30,11
48345,100,68,0,31
48347,70,46,20,31
48349,53,43,15,38
48351,100,69,25,3
48353,41,46,5,46
48355,20,20,4,73
48357,0,32,0,66
48359,100,74,5,19
48361,94,75,12,9
48363,100,64,3,31
48365,100,65,18,15
48367,100,79,1,16
48369,0,24,0,75
48371,0,16,1,82
48373,89,64,12,19
48375,71,35,10,46
48377,0,4,0,94
48379,100,79,3,14
48381,91,64,4,27
48383,0,20,0,79
48385,69,56,1,42
48387,92,62,21,12
48389,0,7,1,91
48391,0,31,7,60
48393,100,87,1,10
48395,80,44,25,28
48397,90,66,6,22
48399,48,48,1,49
48401,73,53,18,25
48403,100,82,8,5
48405,69,46,36,13
48407,100,68,14,16
48409,5,28,2,67
48411,72,55,1,43
48413,0,31,0,67
48415,23,43,2,53
48417,100,81,2,15
48419,56,51,20,27
48421,51,42,0,56
48423,74,43,22,31
48425,100,68,1,27
48427,0,0,0,99
48429,100,61,1,34
48431,28,48,1,47
48433,100,70,4,25
48435,0,28,0,70
48437,30,40,7,51
48439,61,36,18,38
48441,57,52,9,33
48443,0,37,0,59
48445,25,26,3,70
48447,100,79,0,20
48449,42,29,10,59
48451,38,41,4,52
48453,64,31,10,51
48455,100,68,13,15
48457,100,81,10,5
48459,100,74,11,11
48461,45,37,2,59
48463,19,16,0,82
48465,0,7,1,91
48467,100,78,3,15
48469,17,28,8,62
48471,21,46,24,27
48473,27,23,19,56
48475,0,36,5,58
48477,56,47,23,27
48479,0,1,0,99
48481,24,31,15,52
48483,73,53,4,38
48485,82,54,12,27
48487,42,48,9,38
48489,0,2,0,97
48491,70,52,7,32
48493,60,50,1,47
48495,43,32,2,64
48497,96,68,2,27
48499,100,75,4,17
48501,0,26,0,72
48503,100,69,1,27
48505,0,1,0,99
48507,0,2,0,97
49001,100,86,0,12
49003,100,88,1,9
49005,100,82,1,13
49007,100,86,0,12
49009,100,94,1,4
49011,100,85,1,9
49013,96,80,0,6
49015,100,89,1,8
49017,100,91,0,7
49019,100,78,1,14
49021,100,85,0,9
49023,100,94,1,3
49025,100,93,0,4
49027,100,81,0,16
49029,100,95,0,2
49031,100,88,2,10
49033,100,96,0,3
49035,88,67,2,22
49037,97,44,0,3
49039,100,85,1,12
49041,100,90,1,5
49043,98,80,0,16
49045,99,84,1,11
49047,100,86,0,6
49049,99,84,1,11
49051,100,84,0,14
49053,99,83,1,12
49055,100,95,0,3
49057,90,73,1,22
50001,100,96,1,1
50003,100,96,1,1
50005,100,97,1,1
50007,99,87,5,2
50009,100,97,0,1
50011,100,90,1,1
50013,100,95,1,1
50015,100,94,1,2
50017,100,97,1,1
50019,100,95,1,1
50021,100,96,1,1
50023,100,94,2,1
50025,100,92,2,2
50027,100,95,1,1
51001,25,42,38,19
51003,94,70,11,9
51005,100,89,7,1
51007,100,66,29,3
51009,100,68,24,3
51011,100,66,24,1
51013,66,45,11,29
51015,100,92,2,3
51017,100,93,2,2
51019,100,87,6,2
51021,100,97,0,0
51023,100,92,3,2
51025,0,19,78,2
51027,100,99,0,0
51029,100,55,36,3
51031,100,76,17,2
51033,100,56,32,5
51035,100,89,2,5
51036,0,30,58,0
51037,95,61,32,2
51041,83,56,27,10
51043,100,83,3,6
51045,100,98,0,1
51047,91,63,17,13
51049,54,51,42,4
51051,100,99,1,0
51053,83,55,35,5
51057,0,39,49,3
51059,58,44,10,22
51061,100,74,10,11
51063,100,92,2,3
51065,100,74,16,4
51067,100,82,9,4
51069,100,79,5,11
51071,100,95,1,1
51073,100,83,8,4
51075,100,71,20,4
51077,100,92,2,5
51079,100,78,9,6
51081,0,25,70,3
51083,56,51,45,3
51085,100,83,10,3
51087,74,44,38,7
51089,93,62,21,11
51091,100,95,0,3
51093,100,63,28,3
51095,97,66,18,8
51097,73,52,39,4
51099,100,68,21,4
51101,100,75,17,2
51103,34,44,50,1
51105,100,98,0,1
51107,87,57,7,15
51109,100,72,20,3
51111,78,51,38,6
51113,100,83,9,3
51115,100,83,9,3
51117,39,49,44,3
51119,100,72,19,2
51121,100,85,5,3
51125,100,74,14,7
51127,100,78,12,3
51131,0,33,48,16
51133,100,55,37,6
51135,58,49,42,6
51137,100,71,16,5
51139,100,93,2,3
51141,100,87,7,5
51143,99,70,24,3
51145,100,87,8,3
51147,0,37,57,4
51149,75,51,33,8
51153,58,36,20,29
51155,100,88,6,2
51157,100,88,3,4
51159,100,59,27,9
51161,100,82,6,4
51163,100,89,4,3
51165,100,84,2,11
51167,100,97,1,1
51169,100,96,1,2
51171,100,83,2,11
51173,100,95,2,2
51175,86,56,41,1
51177,96,64,19,11
51179,86,58,18,14
51181,0,35,61,2
51183,0,23,74,2
51185,100,95,3,0
51187,100,84,5,5
51191,100,93,1,3
51193,56,46,38,10
51195,100,96,2,1
51197,100,92,5,2
51199,100,66,12,7
51510,38,28,34,30
51515,100,75,17,2
51520,100,84,10,2
51530,100,87,7,2
51540,37,45,36,8
51550,69,51,33,6
51570,92,71,15,6
51580,100,77,18,2
51590,17,24,67,5
51595,0,28,70,1
51600,0,41,9,23
51610,100,69,4,11
51620,0,16,77,2
51630,0,35,41,17
51640,100,63,9,24
51650,11,28,60,5
51660,35,46,10,37
51670,0,33,53,8
51678,100,86,6,4
51680,19,38,51,3
51683,0,28,14,48
51685,0,30,11,46
51690,0,32,57,7
51700,13,29,55,10
51710,13,22,62,6
51720,100,83,9,2
51730,0,2,93,4
51735,100,93,1,2
51740,14,22,69,3
51750,100,81,10,2
51760,36,10,81,8
51770,74,44,42,7
51775,100,81,11,3
51790,98,69,17,5
51800,11,35,55,4
51810,70,52,24,9
51820,92,68,16,11
51830,100,56,25,11
51840,83,59,11,22
53001,49,23,0,76
53003,100,87,1,6
53005,90,66,2,26
53007,75,51,0,45
53009,100,71,1,11
53011,96,72,2,13
53013,100,81,2,12
53015,99,75,1,15
53017,81,50,0,46
53019,97,64,0,3
53021,25,27,2,68
53023,100,90,0,5
53025,71,40,1,55
53027,92,69,1,17
53029,100,72,5,9
53031,100,83,1,7
53033,71,50,9,15
53035,98,67,2,11
53037,100,81,1,14
53039,100,71,1,19
53041,100,77,1,16
53043,100,89,0,4
53045,95,70,1,17
53047,76,53,1,32
53049,95,72,0,17
53051,100,81,1,5
53053,82,59,9,14
53055,100,80,1,12
53057,77,62,1,31
53059,100,84,1,9
53061,88,64,3,15
53063,100,79,2,7
53065,98,82,0,4
53067,98,69,3,12
53069,100,87,2,6
53071,82,58,1,37
53073,99,72,2,16
53075,100,79,2,7
53077,63,28,1,65
54001,100,93,1,1
54003,100,80,10,6
54005,100,99,1,0
54007,100,98,1,0
54009,100,96,1,0
54011,98,88,8,1
54013,100,98,0,1
54015,100,99,1,0
54017,100,98,0,0
54019,100,92,6,1
54021,100,97,1,1
54023,100,98,1,1
54025,100,94,4,1
54027,100,96,1,1
54029,100,94,3,1
54031,100,92,3,4
54033,100,95,3,1
54035,100,98,1,0
54037,100,82,9,6
54039,98,84,13,1
54041,100,98,0,1
54043,100,99,1,0
54045,100,96,3,0
54047,100,88,11,0
54049,100,91,6,1
54051,100,97,1,1
54053,100,97,1,1
54055,100,87,9,1
54057,100,94,4,1
54059,100,97,2,0
54061,100,88,5,2
54063,100,97,2,1
54065,100,97,1,1
54067,100,98,1,0
54069,100,88,8,1
54071,100,94,4,1
54073,100,97,0,1
54075,100,99,0,0
54077,100,99,1,0
54079,100,96,2,1
54081,99,87,9,1
54083,100,97,1,1
54085,100,98,1,1
54087,100,97,1,1
54089,100,95,2,1
54091,100,98,1,0
54093,100,98,1,0
54095,100,98,1,0
54097,100,98,1,1
54099,100,98,1,0
54101,100,98,1,0
54103,100,98,0,1
54105,100,98,1,1
54107,100,95,2,1
54109,100,98,1,0
55001,100,92,1,5
55003,100,79,1,1
55005,100,91,1,4
55007,93,70,1,2
55009,95,72,5,13
55011,100,96,1,2
55013,100,83,3,3
55015,100,87,2,7
55017,100,95,1,2
55019,100,88,1,10
55021,100,90,1,5
55023,100,96,1,2
55025,88,69,10,10
55027,100,88,1,8
55029,100,90,2,5
55031,100,90,3,1
55033,100,89,1,2
55035,100,84,2,3
55037,100,94,1,3
55039,98,86,3,8
55041,100,72,1,2
55043,100,95,1,2
55045,100,92,1,4
55047,100,88,0,9
55049,100,96,1,2
55051,100,96,1,0
55053,100,80,1,4
55055,100,84,1,12
55057,100,92,1,3
55059,92,65,12,19
55061,100,93,1,5
55063,100,83,3,2
55065,100,93,1,5
55067,100,92,1,3
55069,100,95,1,1
55071,100,84,2,6
55073,97,80,1,3
55075,100,95,1,2
55077,100,92,1,5
55078,0,0,0,5
55079,81,35,38,19
55081,100,88,2,7
55083,100,92,1,3
55085,100,90,1,2
55087,100,84,2,5
55089,100,88,3,4
55091,100,96,0,2
55093,100,94,1,2
55095,100,94,1,2
55097,100,86,1,5
55099,100,95,1,1
55101,70,58,19,19
55103,100,93,1,4
55105,87,73,8,14
55107,100,94,1,2
55109,100,91,1,3
55111,100,88,1,7
55113,100,71,1,2
55115,98,80,0,3
55117,97,76,2,10
55119,100,95,1,3
55121,100,88,1,9
55123,100,95,1,2
55125,99,76,1,2
55127,95,75,1,20
55129,100,91,1,3
55131,100,90,2,5
55133,99,84,3,7
55135,100,92,1,5
55137,100,78,1,19
55139,100,83,2,7
55141,100,89,1,4
56001,100,76,1,16
56003,100,83,0,13
56005,100,88,1,8
56007,100,72,1,24
56009,100,90,1,8
56011,100,94,0,3
56013,99,58,0,6
56015,100,79,1,17
56017,100,93,1,3
56019,100,91,0,6
56021,98,73,2,20
56023,100,92,1,5
56025,99,86,2,9
56027,100,92,0,5
56029,100,90,0,7
56031,100,87,0,11
56033,100,90,0,5
56035,100,85,0,11
56037,100,76,1,20
56039,100,69,0,28
56041,100,88,1,10
56043,100,73,0,25
56045,100,92,0,4
60010,0,0,.,.
66010,0,1,0,0
69100,0,0,0,0
69110,0,1,0,0
69120,0,0,0,0
72001,0,0,0,100
72003,0,0,0,100
72005,0,0,0,100
72007,0,0,0,100
72009,0,0,0,100
72011,0,0,0,100
72013,0,0,0,100
72015,0,0,0,100
72017,0,0,0,100
72019,0,0,0,100
72021,0,0,0,100
72023,0,0,0,100
72025,0,0,0,100
72027,0,0,0,100
72029,0,0,0,100
72031,0,0,0,100
72033,0,0,0,100
72035,0,0,0,100
72037,0,0,0,100
72039,0,0,0,100
72041,0,0,0,100
72043,0,0,0,99
72045,0,0,0,100
72047,0,0,0,100
72049,0,1,0,99
72051,0,0,0,100
72053,0,0,0,100
72054,0,0,0,100
72055,0,0,0,100
72057,0,0,0,99
72059,0,0,0,100
72061,0,0,0,100
72063,0,0,0,100
72065,0,0,0,100
72067,0,0,0,100
72069,0,0,0,100
72071,0,0,0,100
72073,0,0,0,100
72075,0,0,0,100
72077,0,0,0,100
72079,0,0,0,100
72081,0,0,0,100
72083,0,0,0,100
72085,0,0,0,100
72087,0,0,0,100
72089,0,1,0,99
72091,0,0,0,100
72093,0,1,0,99
72095,0,0,0,100
72097,0,0,0,100
72099,0,0,0,100
72101,0,0,0,100
72103,0,0,0,100
72105,0,0,0,100
72107,0,0,0,100
72109,0,0,0,100
72111,0,0,0,100
72113,0,0,0,100
72115,0,0,0,100
72117,0,1,0,99
72119,0,0,0,100
72121,0,0,0,100
72123,0,0,0,100
72125,0,0,0,100
72127,0,0,0,100
72129,0,0,0,100
72131,0,0,0,100
72133,0,0,0,100
72135,0,0,0,100
72137,0,0,0,100
72139,0,0,0,100
72141,0,0,0,99
72143,0,0,0,100
72145,0,0,0,100
72147,0,0,0,100
72149,0,0,0,100
72151,0,0,0,99
72153,0,0,0,100
78010,0,1,71,27
78020,0,4,85,8
78030,0,2,86,11
